Kop,0,2499,ty,2026-01-16,15:54:35
kee ®,500,0,магазин,2026-01-16,15:54:35
| Карт,0,0,sara-sinrane,2026-01-16,15:54:35
eT i,0,0,ed,2026-01-16,15:54:35
| Корт Язовитой @,0,0,магазии,2026-01-16,15:54:35
_Kapra,0,0,Sedative'c,2026-01-16,15:54:35
| Карта Ядовитого,0,1390,`Добро),2026-01-16,15:54:35
", Карта Ядовитого",0,1400,Sedativee,2026-01-16,15:54:35
Карта Ядовитого @,388,888,магазин,2026-01-16,15:54:35
on Sen,0,5300000,sara,2026-01-16,15:54:40
on anh,555540,0,veraun,2026-01-16,15:54:40
oon =,553,0,мыши,2026-01-16,15:54:40
patie ©,2444484,0,now,2026-01-16,15:54:45
= Llunoctpena @ 15,0,0,ТОРГ,2026-01-16,15:54:45
[Коро Черно зб,0,1499,Ема,2026-01-16,15:54:45
"""Корт Черно ра ®",300,0,eae,2026-01-16,15:54:45
Kora deer,0,0,Kempen,2026-01-16,15:54:45
= Uepaa eal ®,555,555,магазин,2026-01-16,15:54:48
=,0,0,ИА,2026-01-16,15:54:48
= `Харриера. @,1,0,магазин,2026-01-16,15:54:50
tor хаоса м,0,355000,ОН,2026-01-16,15:54:52
opin,0,1390909,vaam,2026-01-16,15:54:57
= Тыквы eal @ 1,0,0,магазин:,2026-01-16,15:54:57
on Тыквы ©,0,0,магазин,2026-01-16,15:54:57
pn,0,1800000,vars,2026-01-16,15:54:57
to Тыквы [oes @,0,0,магазин,2026-01-16,15:54:57
oon,0,0,eeegrenmrara,2026-01-16,15:54:57
on Тыквы @,390,0,магазин,2026-01-16,15:54:59
oon Тыквы es @,0,0,магазин,2026-01-16,15:54:59
